Date,Open Price,High Price,Low Price,Close Price,Prev Close Price,Total Traded Quantity,Total Traded Value,52 Week High Price,52 Week Low Price,VWAP,Deliverable Volume,Deliverable Percent,Series
2023-01-02,1550.0,1560.0,1528.55,1552.5,1547.85,1061404,1639626458.45,18621.0,1483.15,1544.77,325301,30.65,EQ
2023-01-03,1549.0,1570.0,1544.05,1563.0,1552.5,1306648,2038193665.65,18621.0,1483.15,1559.86,442157,33.84,EQ
2023-01-04,1562.0,1567.35,1540.4,1547.85,1563.0,1036103,1607844855.85,18621.0,1483.15,1551.82,366984,35.42,EQ
2023-01-05,1548.0,1548.0,1454.7,1468.85,1547.85,5979381,8825962220.15,18621.0,1454.7,1476.07,2088111,34.92,EQ
2023-01-06,1473.55,1473.55,1423.0,1430.35,1468.85,5207616,7492271472.0,18621.0,1423.0,1438.71,2206287,42.37,EQ
2023-01-09,1447.0,1450.9,1408.65,1414.0,1430.35,4513767,6427738874.8,18621.0,1408.65,1424.03,2649568,58.7,EQ
2023-01-10,1429.0,1429.0,1391.0,1413.3,1414.0,2903001,4074826830.55,18621.0,1391.0,1403.66,994256,34.25,EQ
2023-01-11,1418.0,1422.85,1397.05,1399.7,1413.3,2327598,3271082656.1,18621.0,1391.0,1405.35,918017,39.44,EQ
2023-01-12,1405.0,1414.95,1379.0,1387.8,1399.7,3168742,4416587510.5,18621.0,1379.0,1393.8,1285158,40.56,EQ
2023-01-13,1394.75,1399.85,1374.35,1391.15,1387.8,3754686,5201720976.2,18621.0,1374.35,1385.39,2225971,59.29,EQ
2023-01-16,1398.15,1418.45,1379.2,1383.9,1391.15,3480545,4857920516.4,18621.0,1374.35,1395.74,1509154,43.36,EQ
2023-01-17,1389.0,1391.6,1353.95,1372.9,1383.9,3681802,5043064177.9,18621.0,1353.95,1369.73,2024055,54.97,EQ
2023-01-18,1379.8,1380.0,1365.0,1367.3,1372.9,2589016,3549392389.05,18621.0,1353.95,1370.94,1560225,60.26,EQ
2023-01-19,1365.0,1365.95,1348.1,1355.15,1367.3,1910318,2589078436.2,18621.0,1348.1,1355.31,857432,44.88,EQ
2023-01-20,1360.0,1361.65,1326.55,1333.2,1355.15,2091612,2811228062.15,18621.0,1326.55,1344.05,1007140,48.15,EQ
2023-01-23,1330.0,1345.0,1319.55,1332.75,1333.2,1832743,2447102769.4,17845.0,1319.55,1335.21,784453,42.8,EQ
2023-01-24,1336.25,1349.0,1329.55,1332.7,1332.75,1311451,1755592648.05,17845.0,1319.55,1338.66,501511,38.24,EQ
2023-01-25,1334.9,1334.9,1310.0,1314.35,1332.7,1549899,2044695636.7,17845.0,1310.0,1319.24,658901,42.51,EQ
2023-01-27,1315.1,1336.15,1302.05,1314.2,1314.35,1829556,2410414476.5,17845.0,1302.05,1317.49,751715,41.09,EQ
2023-01-30,1320.8,1360.0,1317.85,1343.85,1314.2,4411750,5919967962.9,17845.0,1302.05,1341.86,1564162,35.45,EQ
2023-01-31,1354.4,1357.15,1323.8,1342.45,1343.85,2213909,2975469297.5,17845.0,1302.05,1343.99,1110325,50.15,EQ
2023-02-01,1348.0,1360.0,1246.85,1268.3,1342.45,4761664,6154553052.35,17845.0,1246.85,1292.52,1915068,40.22,EQ
2023-02-02,1269.0,1288.65,1252.1,1271.9,1268.3,2419664,3070160411.5,17845.0,1246.85,1268.84,977656,40.4,EQ
2023-02-03,1305.0,1340.8,1281.3,1337.45,1271.9,3271913,4301714675.05,17845.0,1246.85,1314.74,1119479,34.21,EQ
2023-02-06,1337.45,1349.0,1322.1,1343.05,1337.45,1546926,2068593285.65,17845.0,1246.85,1337.23,519267,33.57,EQ
2023-02-07,1345.15,1362.35,1337.1,1350.4,1343.05,1604424,2165610041.35,17845.0,1246.85,1349.77,630599,39.3,EQ
2023-02-08,1356.95,1377.0,1345.2,1368.9,1350.4,1516979,2070940562.1,17845.0,1246.85,1365.17,472256,31.13,EQ
2023-02-09,1370.0,1409.9,1356.65,1400.25,1368.9,2593600,3612492504.3,17845.0,1246.85,1392.85,681048,26.26,EQ
2023-02-10,1406.0,1418.65,1394.0,1401.75,1400.25,2069492,2914164346.1,17845.0,1246.85,1408.15,802072,38.76,EQ
2023-02-13,1404.0,1415.0,1381.75,1388.55,1401.75,1467695,2044535808.85,17845.0,1246.85,1393.02,577444,39.34,EQ
2023-02-14,1390.0,1405.0,1373.65,1398.6,1388.55,1390992,1937624862.1,17845.0,1246.85,1392.98,420016,30.2,EQ
2023-02-15,1398.0,1423.95,1388.05,1420.8,1398.6,1518171,2140406379.25,17845.0,1246.85,1409.86,742919,48.94,EQ
2023-02-16,1429.0,1435.0,1413.05,1428.2,1420.8,2153424,3072292819.75,17845.0,1246.85,1426.7,1217581,56.54,EQ
2023-02-17,1420.05,1427.2,1410.0,1414.05,1428.2,994199,1410895924.85,17845.0,1246.85,1419.13,424113,42.66,EQ
2023-02-20,1418.0,1425.8,1400.8,1404.6,1414.05,993735,1403381008.6,17845.0,1246.85,1412.23,318828,32.08,EQ
2023-02-21,1409.4,1409.4,1390.0,1394.3,1404.6,1117177,1562708057.55,17845.0,1246.85,1398.8,439929,39.38,EQ
2023-02-22,1389.9,1392.0,1356.0,1360.95,1394.3,1402505,1918614638.5,17845.0,1246.85,1367.99,528443,37.68,EQ
2023-02-23,1362.0,1365.95,1341.0,1346.95,1360.95,1095460,1481785438.65,17845.0,1246.85,1352.66,320122,29.22,EQ
2023-02-24,1353.7,1386.0,1350.35,1359.0,1346.95,1342454,1833944532.55,17845.0,1246.85,1366.11,245491,18.29,EQ
2023-02-27,1357.95,1367.25,1345.0,1357.4,1359.0,972575,1318065796.05,17845.0,1246.85,1355.23,312019,32.08,EQ
2023-02-28,1364.2,1371.9,1330.0,1334.9,1357.4,1597380,2151716272.15,17845.0,1246.85,1347.03,811015,50.77,EQ
2023-03-01,1335.7,1360.0,1334.9,1343.9,1334.9,1134472,1530004094.15,17845.0,1246.85,1348.65,477106,42.06,EQ
2023-03-02,1375.0,1385.95,1337.2,1343.55,1343.9,3267851,4427702197.7,17845.0,1246.85,1354.93,763458,23.36,EQ
2023-03-03,1357.0,1364.45,1346.1,1355.35,1343.55,1199487,1624116141.5,17845.0,1246.85,1354.01,357477,29.8,EQ
2023-03-06,1357.25,1399.45,1357.25,1380.8,1355.35,2466703,3416328106.15,17845.0,1246.85,1384.98,885547,35.9,EQ
2023-03-08,1375.0,1383.8,1357.9,1380.8,1380.8,1557533,2134224526.55,17845.0,1246.85,1370.26,700947,45.0,EQ
2023-03-09,1378.0,1378.95,1350.0,1352.55,1380.8,1545024,2106279181.25,17845.0,1246.85,1363.27,630894,40.83,EQ
2023-03-10,1340.0,1342.0,1321.05,1328.85,1352.55,1389890,1849568565.7,17845.0,1246.85,1330.73,460954,33.16,EQ
2023-03-13,1326.0,1341.2,1291.9,1295.7,1328.85,1668502,2190521564.45,17845.0,1246.85,1312.87,610772,36.61,EQ
2023-03-14,1300.0,1302.3,1269.0,1280.55,1295.7,2060607,2646986943.8,17845.0,1246.85,1284.57,729521,35.4,EQ
2023-03-15,1290.0,1309.7,1278.0,1282.6,1280.55,1376141,1779308231.2,17845.0,1246.85,1292.97,445147,32.35,EQ
2023-03-16,1285.5,1304.0,1270.55,1293.6,1282.6,1539281,1978312058.35,17845.0,1246.85,1285.22,424223,27.56,EQ
2023-03-17,1304.95,1316.3,1293.0,1301.75,1293.6,1332869,1734148385.95,17845.0,1246.85,1301.06,430009,32.26,EQ
2023-03-20,1305.0,1307.95,1231.0,1245.4,1301.75,3970911,4974723183.05,17845.0,1231.0,1252.79,1613753,40.64,EQ
2023-03-21,1259.0,1271.5,1248.6,1268.1,1245.4,2333183,2939076405.6,17845.0,1231.0,1259.69,701280,30.06,EQ
2023-03-22,1271.0,1314.95,1270.55,1294.55,1268.1,2884348,3741989398.85,17845.0,1231.0,1297.34,449553,15.59,EQ
2023-03-23,1291.95,1310.5,1278.3,1290.0,1294.55,1947186,2524844700.15,17845.0,1231.0,1296.66,425343,21.84,EQ
2023-03-24,1281.3,1290.0,1236.2,1240.65,1290.0,2676573,3364880510.0,17845.0,1231.0,1257.16,701328,26.2,EQ
2023-03-27,1245.0,1251.6,1226.65,1239.1,1240.65,1553877,1928495490.5,17845.0,1226.65,1241.09,360443,23.2,EQ
2023-03-28,1245.3,1247.85,1215.0,1223.15,1239.1,1510246,1859326076.2,17845.0,1215.0,1231.14,387717,25.67,EQ
2023-03-29,1229.3,1252.0,1225.45,1246.05,1223.15,1657420,2050859979.1,17845.0,1215.0,1237.38,612228,36.94,EQ
2023-03-31,1252.3,1270.0,1250.0,1266.5,1246.05,1830686,2306697798.15,17845.0,1215.0,1260.02,841596,45.97,EQ
2023-04-03,1273.0,1286.55,1265.5,1282.95,1266.5,1381342,1763894071.9,17845.0,1215.0,1276.94,399640,28.93,EQ
2023-04-05,1296.0,1324.0,1275.5,1279.3,1282.95,3366621,4369822015.1,17845.0,1215.0,1297.98,873344,25.94,EQ
2023-04-06,1279.3,1311.45,1271.35,1303.95,1279.3,1819711,2359113381.95,17845.0,1215.0,1296.42,383014,21.05,EQ
2023-04-10,1311.0,1317.25,1295.65,1305.05,1303.95,1297282,1695302478.25,17845.0,1215.0,1306.81,530535,40.9,EQ
2023-04-11,1312.95,1325.0,1307.2,1323.2,1305.05,1281834,1689617681.75,17845.0,1215.0,1318.13,377258,29.43,EQ
2023-04-12,1321.0,1329.0,1315.55,1321.55,1323.2,1105734,1461148852.65,17845.0,1215.0,1321.43,387145,35.01,EQ
2023-04-13,1320.9,1346.0,1318.0,1341.3,1321.55,1330391,1777562569.6,17845.0,1215.0,1336.12,380042,28.57,EQ
2023-04-17,1345.0,1352.95,1330.55,1341.15,1341.3,1073923,1439119625.0,17845.0,1215.0,1340.06,446663,41.59,EQ
2023-04-18,1340.0,1348.7,1329.0,1335.2,1341.15,1236391,1654199684.65,17845.0,1215.0,1337.93,247164,19.99,EQ
2023-04-19,1335.0,1338.95,1322.05,1331.35,1335.2,590360,785209635.15,17845.0,1215.0,1330.05,198096,33.56,EQ
2023-04-20,1333.95,1341.35,1325.05,1332.1,1331.35,467602,622787663.2,17845.0,1215.0,1331.88,119996,25.66,EQ
2023-04-21,1336.5,1338.0,1306.55,1317.9,1332.1,825513,1088597857.0,17845.0,1215.0,1318.69,233062,28.23,EQ
2023-04-24,1315.1,1322.9,1307.85,1319.75,1317.9,1051329,1386197486.0,17845.0,1215.0,1318.52,547759,52.1,EQ
2023-04-25,1325.0,1352.0,1322.1,1345.8,1319.75,2725305,3657088961.05,17845.0,1215.0,1341.9,1237940,45.42,EQ
2023-04-26,1345.8,1349.5,1328.65,1334.7,1345.8,889092,1188448406.4,17845.0,1215.0,1336.7,316759,35.63,EQ
2023-04-27,1352.5,1374.0,1340.15,1360.0,1334.7,3982526,5422520618.0,17845.0,1215.0,1361.58,1078713,27.09,EQ
2023-04-28,1368.95,1368.95,1318.8,1354.65,1360.0,3376186,4517119920.3,17845.0,1215.0,1337.94,954292,28.27,EQ
2023-05-02,1360.0,1370.9,1345.9,1349.05,1354.65,1387425,1879363821.95,17845.0,1215.0,1354.57,544153,39.22,EQ
2023-05-03,1345.0,1350.95,1330.0,1347.0,1349.05,903123,1212013880.4,17845.0,1215.0,1342.03,247712,27.43,EQ
2023-05-04,1342.3,1378.3,1340.0,1374.45,1347.0,2213569,3016585297.8,17845.0,1215.0,1362.77,947959,42.82,EQ
2023-05-05,1371.5,1394.0,1355.4,1359.25,1374.45,2572062,3540395133.55,17845.0,1215.0,1376.48,843112,32.78,EQ
2023-05-08,1367.8,1410.8,1363.1,1404.8,1359.25,2912772,4070750924.5,17845.0,1215.0,1397.55,1105036,37.94,EQ
2023-05-09,1410.95,1446.7,1402.5,1408.7,1404.8,3772745,5378408920.3,17845.0,1215.0,1425.6,1093503,28.98,EQ
2023-05-10,1419.0,1420.85,1395.0,1414.45,1408.7,1297980,1829281530.65,17845.0,1215.0,1409.33,322075,24.81,EQ
2023-05-11,1421.0,1427.75,1413.05,1420.4,1414.45,915163,1299395670.85,17845.0,1215.0,1419.85,299351,32.71,EQ
2023-05-12,1420.0,1428.0,1407.0,1423.45,1420.4,1300969,1849480448.2,17845.0,1215.0,1421.62,371684,28.57,EQ
2023-05-15,1424.0,1430.0,1416.0,1421.35,1423.45,1003664,1429474530.25,17845.0,1215.0,1424.26,337966,33.67,EQ
2023-05-16,1429.9,1438.0,1421.0,1428.35,1421.35,1678746,2403361235.25,17845.0,1215.0,1431.64,563118,33.54,EQ
2023-05-17,1430.4,1430.4,1405.0,1415.4,1428.35,804968,1139283219.45,17845.0,1215.0,1415.31,229715,28.54,EQ
2023-05-18,1422.35,1430.0,1412.05,1415.45,1415.4,739262,1051428051.25,17845.0,1215.0,1422.27,197326,26.69,EQ
2023-05-19,1422.1,1422.7,1397.05,1415.1,1415.45,754504,1063552071.35,17845.0,1215.0,1409.6,191605,25.39,EQ
2023-05-22,1411.0,1418.7,1405.0,1413.0,1415.1,591903,835403466.1,17845.0,1215.0,1411.39,199286,33.67,EQ
2023-05-23,1415.6,1447.8,1415.5,1437.25,1413.0,1991556,2862077091.15,17845.0,1215.0,1437.11,689624,34.63,EQ
2023-05-24,1437.25,1447.0,1421.15,1426.45,1437.25,1047736,1503037408.15,17845.0,1215.0,1434.56,270961,25.86,EQ
2023-05-25,1421.1,1429.65,1416.0,1427.35,1426.45,688673,980751961.5,17845.0,1215.0,1424.12,224698,32.63,EQ
2023-05-26,1431.0,1446.3,1431.0,1439.15,1427.35,1023550,1473754475.85,17845.0,1215.0,1439.85,314683,30.74,EQ
2023-05-29,1448.95,1468.5,1444.5,1449.55,1439.15,1659680,2414702215.05,17845.0,1215.0,1454.92,637340,38.4,EQ
2023-05-30,1453.45,1467.2,1439.5,1465.85,1449.55,1506999,2191689548.6,17845.0,1215.0,1454.34,635363,42.16,EQ
2023-05-31,1465.0,1465.0,1447.25,1451.05,1465.85,1704213,2474532758.7,17845.0,1215.0,1452.01,1073060,62.97,EQ
2023-06-01,1455.5,1459.0,1444.0,1450.15,1451.05,939379,1364164905.35,17845.0,1215.0,1452.2,485041,51.63,EQ
2023-06-02,1460.0,1466.9,1448.4,1457.25,1450.15,1129346,1645524103.45,17845.0,1215.0,1457.06,526053,46.58,EQ
2023-06-05,1469.0,1469.5,1456.2,1458.9,1457.25,829929,1212711317.25,17845.0,1215.0,1461.22,334193,40.27,EQ
2023-06-06,1466.5,1478.9,1463.1,1475.1,1458.9,1472972,2167274499.3,17845.0,1215.0,1471.36,519171,35.25,EQ
2023-06-07,1483.0,1483.2,1472.0,1480.9,1475.1,837622,1238143448.65,17845.0,1215.0,1478.16,430420,51.39,EQ
2023-06-08,1483.0,1485.0,1463.0,1467.4,1480.9,722068,1063641788.9,17845.0,1215.0,1473.05,290468,40.23,EQ
2023-06-09,1471.0,1476.0,1461.55,1466.5,1467.4,499104,733076175.85,17845.0,1215.0,1468.78,172836,34.63,EQ
2023-06-12,1473.0,1473.0,1461.95,1466.0,1466.5,465964,683370263.15,17845.0,1215.0,1466.57,184337,39.56,EQ
2023-06-13,1470.0,1492.0,1470.0,1486.2,1466.0,1205104,1788695130.75,17845.0,1215.0,1484.27,482036,40.0,EQ
2023-06-14,1490.0,1491.9,1469.0,1480.4,1486.2,763762,1128218960.7,17845.0,1215.0,1477.19,395264,51.75,EQ
2023-06-15,1479.95,1482.0,1469.6,1474.7,1480.4,853566,1259480533.45,17845.0,1215.0,1475.55,434644,50.92,EQ
2023-06-16,1479.0,1515.0,1474.7,1508.6,1474.7,2090874,3141935619.85,17845.0,1215.0,1502.69,882527,42.21,EQ
2023-06-19,1522.95,1553.3,1516.65,1541.95,1508.6,3446484,5296266831.95,17845.0,1215.0,1536.72,1190745,34.55,EQ
2023-06-20,1543.2,1543.2,1502.15,1521.05,1541.95,1943763,2947567250.95,17845.0,1215.0,1516.42,789974,40.64,EQ
2023-06-21,1525.9,1535.0,1513.25,1519.25,1521.05,799052,1216492261.4,17845.0,1215.0,1522.42,327185,40.95,EQ
2023-06-22,1523.0,1527.2,1504.85,1507.65,1519.25,966522,1464223646.4,17845.0,1215.0,1514.94,448104,46.36,EQ
2023-06-23,1507.5,1519.7,1483.95,1501.95,1507.65,1237464,1859370110.15,17845.0,1215.0,1502.57,478524,38.67,EQ
2023-06-26,1504.45,1510.85,1487.2,1507.55,1501.95,647496,973605179.7,17845.0,1215.0,1503.65,201624,31.14,EQ
2023-06-27,1512.0,1527.35,1503.0,1522.95,1507.55,763062,1156153593.15,17845.0,1215.0,1515.15,276147,36.19,EQ
2023-06-28,1530.0,1535.0,1515.8,1518.85,1522.95,1158136,1766562286.0,17845.0,1215.0,1525.35,598668,51.69,EQ
2023-06-30,1521.0,1536.6,1519.0,1528.0,1518.85,934639,1427649615.0,17845.0,1215.0,1527.49,431457,46.16,EQ
2023-07-03,1528.0,1544.5,1526.6,1540.1,1528.0,1068533,1641270208.85,17845.0,1215.0,1536.0,465437,43.56,EQ
2023-07-04,1565.1,1634.95,1565.1,1629.5,1540.1,7337423,11888002676.15,17845.0,1215.0,1620.19,2437485,33.22,EQ
2023-07-05,1631.0,1642.0,1607.55,1613.7,1629.5,2006206,3250590864.95,17845.0,1215.0,1620.27,894340,44.58,EQ
2023-07-06,1615.05,1624.0,1607.0,1619.9,1613.7,937466,1516875079.45,17845.0,1215.0,1618.06,486450,51.89,EQ
2023-07-07,1611.85,1626.65,1605.4,1614.9,1619.9,1456642,2349769568.55,17845.0,1215.0,1613.14,975930,67.0,EQ
2023-07-10,1611.95,1622.0,1579.75,1597.8,1614.9,1731894,2768678153.9,17845.0,1215.0,1598.64,951289,54.93,EQ
2023-07-11,1598.0,1632.0,1587.9,1592.4,1597.8,1500679,2415357454.6,17845.0,1215.0,1609.51,616892,41.11,EQ
2023-07-12,1595.65,1605.1,1581.25,1593.2,1592.4,1281286,2040197168.3,17845.0,1215.0,1592.3,701475,54.75,EQ
2023-07-13,1595.0,1625.0,1595.0,1615.1,1593.2,1136620,1833881268.15,17845.0,1215.0,1613.45,392996,34.58,EQ
2023-07-14,1623.15,1635.0,1604.25,1614.2,1615.1,1088010,1757504987.95,17845.0,1215.0,1615.34,390388,35.88,EQ
2023-07-17,1620.0,1621.95,1603.0,1610.25,1614.2,823296,1326260576.1,17845.0,1215.0,1610.92,305622,37.12,EQ
2023-07-18,1618.35,1625.0,1602.0,1618.3,1610.25,2077115,3355418342.9,17845.0,1215.0,1615.42,843178,40.59,EQ
2023-07-19,1618.3,1649.8,1614.0,1644.1,1618.3,1920501,3138154446.2,17845.0,1215.0,1634.03,999520,52.04,EQ
2023-07-20,1650.9,1658.25,1625.0,1635.8,1644.1,1159938,1899491482.05,17845.0,1215.0,1637.58,384475,33.15,EQ
2023-07-21,1633.0,1645.0,1620.3,1632.85,1635.8,1149031,1876736736.3,17845.0,1215.0,1633.32,495705,43.14,EQ
2023-07-24,1630.0,1660.0,1622.0,1657.5,1632.85,1455663,2400397719.55,17845.0,1215.0,1649.01,651200,44.74,EQ
2023-07-25,1664.9,1664.9,1635.05,1648.85,1657.5,1378736,2272042926.1,17845.0,1215.0,1647.92,415208,30.12,EQ
2023-07-26,1649.4,1664.9,1618.05,1626.45,1648.85,2225230,3643411596.1,17845.0,1215.0,1637.32,1351114,60.72,EQ
2023-07-27,1641.5,1662.7,1602.0,1614.55,1626.45,3402069,5566611544.05,17845.0,1215.0,1636.24,1551845,45.61,EQ
2023-07-28,1625.0,1630.0,1568.4,1584.85,1614.55,3285744,5206145129.15,17845.0,1215.0,1584.46,1585618,48.26,EQ
2023-07-31,1565.8,1602.8,1565.8,1598.3,1584.85,1323373,2107805538.0,17845.0,1215.0,1592.75,637087,48.14,EQ
2023-08-01,1598.3,1599.95,1569.65,1572.35,1598.3,1641917,2593918496.7,17845.0,1215.0,1579.81,642147,39.11,EQ
2023-08-02,1572.0,1572.35,1524.0,1527.0,1572.35,2170178,3339884257.1,17845.0,1215.0,1538.99,1044434,48.13,EQ
2023-08-03,1522.9,1522.9,1477.8,1493.65,1527.0,2785017,4180552627.15,17845.0,1215.0,1501.09,1166569,41.89,EQ
2023-08-04,1501.95,1507.35,1470.75,1486.3,1493.65,2703607,4013788617.0,17845.0,1215.0,1484.61,1416097,52.38,EQ
2023-08-07,1498.0,1512.25,1485.0,1508.4,1486.3,1228780,1844220103.25,17845.0,1215.0,1500.85,371830,30.26,EQ
2023-08-08,1509.5,1520.3,1492.9,1515.75,1508.4,1409271,2126520558.7,17845.0,1215.0,1508.95,438851,31.14,EQ
2023-08-09,1525.0,1529.75,1505.0,1516.6,1515.75,1065831,1614007140.6,17845.0,1215.0,1514.32,472085,44.29,EQ
2023-08-10,1512.55,1529.75,1505.1,1519.4,1516.6,900666,1367914712.8,17845.0,1215.0,1518.78,329363,36.57,EQ
2023-08-11,1518.95,1521.8,1497.65,1504.0,1519.4,792201,1198154361.25,17845.0,1215.0,1512.44,378322,47.76,EQ
2023-08-14,1496.0,1497.95,1467.05,1482.05,1504.0,1549409,2292755385.85,17845.0,1215.0,1479.76,643407,41.53,EQ
2023-08-16,1482.0,1482.0,1463.0,1469.85,1482.05,834135,1224988432.05,17845.0,1215.0,1468.57,372931,44.71,EQ
2023-08-17,1473.0,1480.0,1465.4,1476.85,1469.85,1048714,1546198065.6,17845.0,1215.0,1474.38,528812,50.42,EQ
2023-08-18,1470.0,1478.3,1456.0,1460.15,1476.85,1053734,1542431483.05,17845.0,1215.0,1463.78,529902,50.29,EQ
2023-08-21,1455.0,1484.5,1451.0,1478.3,1460.15,1498685,2205864431.9,17845.0,1215.0,1471.87,496248,33.11,EQ
2023-08-22,1485.0,1494.0,1464.35,1467.8,1478.3,1557523,2302629497.35,17845.0,1215.0,1478.39,568584,36.51,EQ
2023-08-23,1474.0,1474.0,1458.05,1470.1,1467.8,961649,1410537838.9,17845.0,1215.0,1466.79,394407,41.01,EQ
2023-08-24,1480.0,1492.0,1465.0,1468.6,1470.1,847606,1254650374.4,17845.0,1215.0,1480.23,275391,32.49,EQ
2023-08-25,1468.6,1509.5,1465.65,1503.9,1468.6,3624097,5411583910.85,17845.0,1215.0,1493.22,1334695,36.83,EQ
2023-08-28,1513.5,1514.0,1487.0,1499.9,1503.9,1066459,1596956674.55,17845.0,1215.0,1497.44,338751,31.76,EQ
2023-08-29,1509.85,1514.0,1497.25,1503.45,1499.9,1377001,2070727533.9,17845.0,1215.0,1503.8,677631,49.21,EQ
2023-08-30,1510.0,1518.85,1499.0,1501.5,1503.45,700372,1058190217.75,17845.0,1215.0,1510.9,329185,47.0,EQ
2023-08-31,1501.05,1507.8,1480.2,1488.9,1501.5,1542837,2304504583.0,17845.0,1215.0,1493.68,922942,59.82,EQ
2023-09-01,1494.0,1518.7,1487.35,1514.5,1488.9,904596,1362194407.35,17845.0,1215.0,1505.86,362841,40.11,EQ
2023-09-04,1521.0,1525.95,1506.05,1510.1,1514.5,685689,1037099893.9,17585.0,1215.0,1512.49,332332,48.47,EQ
2023-09-05,1512.0,1519.8,1506.0,1510.45,1510.1,1298151,1962284211.5,17585.0,1215.0,1511.6,337974,26.04,EQ
2023-09-06,1510.95,1522.45,1504.2,1518.2,1510.45,712220,1078017634.5,17585.0,1215.0,1513.6,337294,47.36,EQ
2023-09-07,1524.8,1524.8,1510.1,1519.55,1518.2,647590,982246001.9,17585.0,1215.0,1516.77,195526,30.19,EQ
2023-09-08,1530.0,1558.8,1525.05,1541.0,1519.55,2168354,3352774943.05,17585.0,1215.0,1546.23,651969,30.07,EQ
2023-09-11,1549.5,1552.0,1540.0,1549.7,1541.0,841557,1302485939.4,17420.0,1215.0,1547.71,438071,52.05,EQ
2023-09-12,1558.9,1558.9,1527.65,1542.45,1549.7,1444688,2227548565.8,17420.0,1215.0,1541.89,464334,32.14,EQ
2023-09-13,1542.0,1565.05,1521.0,1552.8,1542.45,1193072,1841112557.3,17420.0,1215.0,1543.17,456461,38.26,EQ
2023-09-14,1556.95,1563.6,1541.2,1550.9,1552.8,920905,1428556854.25,17420.0,1215.0,1551.25,346695,37.65,EQ
2023-09-15,1548.05,1567.6,1531.3,1538.1,1550.9,3116428,4808514180.85,17420.0,1215.0,1542.96,2211831,70.97,EQ
2023-09-18,1538.1,1565.35,1532.9,1559.95,1538.1,1403635,2180105068.0,1820.0,1215.0,1553.19,483938,34.48,EQ
2023-09-20,1554.9,1568.2,1545.1,1553.35,1559.95,1076887,1673752650.7,1820.0,1215.0,1554.25,526192,48.86,EQ
2023-09-21,1530.5,1552.25,1514.0,1526.2,1553.35,1772341,2703691532.35,1820.0,1215.0,1525.49,743202,41.93,EQ
2023-09-22,1528.0,1551.0,1524.9,1543.7,1526.2,1321743,2040207446.6,1820.0,1215.0,1543.57,633061,47.9,EQ
2023-09-25,1549.7,1591.0,1546.7,1577.4,1543.7,2962182,4679519953.95,1817.9,1215.0,1579.75,948675,32.03,EQ
2023-09-26,1583.0,1583.0,1551.0,1567.7,1577.4,2472382,3878073846.9,1817.9,1215.0,1568.56,1212613,49.05,EQ
2023-09-27,1567.7,1570.0,1554.2,1565.75,1567.7,964400,1507017580.55,1817.9,1215.0,1562.65,546010,56.62,EQ
2023-09-28,1565.0,1574.95,1535.05,1539.7,1565.75,831496,1288660424.55,1817.9,1215.0,1549.81,215856,25.96,EQ
2023-09-29,1548.0,1552.95,1532.05,1540.25,1539.7,1109857,1714032889.65,1817.9,1215.0,1544.37,542373,48.87,EQ
2023-10-03,1530.25,1564.2,1527.0,1561.05,1540.25,1083086,1678090441.4,1817.9,1215.0,1549.36,434635,40.13,EQ
2023-10-04,1555.0,1555.85,1521.15,1532.55,1561.05,1614123,2474036281.5,1817.9,1215.0,1532.74,748674,46.38,EQ
2023-10-05,1540.0,1556.0,1532.3,1542.55,1532.55,1153064,1781490155.25,1817.9,1215.0,1545.01,541031,46.92,EQ
2023-10-06,1559.35,1640.7,1551.05,1634.65,1542.55,7384628,11872284060.85,1817.9,1215.0,1607.7,2373603,32.14,EQ
2023-10-09,1617.15,1628.0,1606.6,1621.55,1634.65,1712235,2767627239.5,1817.9,1215.0,1616.38,707355,41.31,EQ
2023-10-10,1630.0,1643.95,1617.0,1633.1,1621.55,1453653,2372183602.1,1817.9,1215.0,1631.88,493187,33.93,EQ
2023-10-11,1641.4,1650.95,1633.5,1636.55,1633.1,952433,1563580658.4,1817.9,1215.0,1641.67,425847,44.71,EQ
2023-10-12,1637.0,1642.95,1622.85,1634.8,1636.55,1052767,1719050735.75,1817.9,1215.0,1632.89,431105,40.95,EQ
2023-10-13,1631.0,1649.0,1620.0,1646.55,1634.8,1212989,1988362567.15,1817.9,1215.0,1639.23,614717,50.68,EQ
2023-10-16,1644.0,1649.4,1630.4,1642.35,1646.55,859548,1411726626.55,1817.9,1215.0,1642.41,414408,48.21,EQ
2023-10-17,1649.9,1676.75,1645.55,1657.65,1642.35,1689224,2801824668.8,1817.9,1215.0,1658.65,569428,33.71,EQ
2023-10-18,1665.0,1665.0,1622.05,1628.2,1657.65,1230439,2011003043.4,1817.9,1215.0,1634.38,468173,38.05,EQ
2023-10-19,1625.0,1642.95,1597.4,1634.75,1628.2,1429935,2317505599.9,1817.9,1215.0,1620.71,402573,28.15,EQ
2023-10-20,1627.8,1639.75,1615.0,1635.05,1634.75,1191783,1942158853.75,1817.9,1215.0,1629.62,548602,46.03,EQ
2023-10-23,1627.0,1651.7,1605.5,1613.15,1635.05,1093182,1775559164.8,1817.9,1215.0,1624.21,368382,33.7,EQ
2023-10-25,1612.9,1630.0,1598.85,1611.45,1613.15,1490405,2401609124.55,1817.9,1215.0,1611.38,871800,58.49,EQ
2023-10-26,1590.0,1608.4,1552.0,1560.0,1611.45,1780025,2795425900.3,1817.9,1215.0,1570.44,921319,51.76,EQ
2023-10-27,1575.6,1593.25,1551.35,1566.4,1560.0,2003579,3149400440.1,1817.9,1215.0,1571.89,705018,35.19,EQ
2023-10-30,1568.9,1571.1,1528.0,1561.1,1566.4,850025,1318663629.55,1817.9,1215.0,1551.32,263165,30.96,EQ
2023-10-31,1552.4,1581.45,1552.4,1569.55,1561.1,1592788,2496858562.0,1817.9,1215.0,1567.6,676685,42.48,EQ
2023-11-01,1574.9,1580.0,1565.0,1572.85,1569.55,770557,1212150547.6,1817.9,1215.0,1573.08,457954,59.43,EQ
2023-11-02,1587.7,1592.6,1566.1,1575.6,1572.85,1020303,1609371929.05,1817.9,1215.0,1577.35,370914,36.35,EQ
2023-11-03,1584.25,1593.65,1527.9,1536.15,1575.6,2519096,3935634481.7,1817.9,1215.0,1562.32,1564933,62.12,EQ
2023-11-06,1547.0,1566.0,1540.0,1564.4,1536.15,917415,1425139242.3,1817.9,1215.0,1553.43,492992,53.74,EQ
2023-11-07,1602.0,1607.8,1550.0,1569.8,1564.4,2532282,3977665996.95,1817.9,1215.0,1570.78,743517,29.36,EQ
2023-11-08,1576.0,1579.95,1559.2,1575.5,1569.8,831310,1305780665.65,1817.9,1215.0,1570.75,401533,48.3,EQ
2023-11-09,1575.0,1589.0,1569.0,1582.25,1575.5,1108425,1749585827.95,1817.9,1215.0,1578.44,611434,55.16,EQ
2023-11-10,1581.0,1598.8,1572.65,1596.0,1582.25,672720,1069040443.5,1817.9,1215.0,1589.13,346460,51.5,EQ
2023-11-12,1606.0,1607.0,1588.4,1594.6,1596.0,148384,237054364.7,1817.9,1215.0,1597.57,65854,44.38,EQ
2023-11-13,1594.6,1597.95,1568.7,1585.2,1594.6,853825,1352912669.55,1735.0,1215.0,1584.53,271017,31.74,EQ
2023-11-15,1600.0,1615.0,1579.95,1587.05,1585.2,1684967,2689406254.75,1735.0,1215.0,1596.12,853217,50.64,EQ
2023-11-16,1561.05,1628.0,1539.05,1620.65,1587.05,3213352,5132171711.7,1735.0,1215.0,1597.14,844997,26.3,EQ
2023-11-17,1593.05,1620.65,1581.6,1615.9,1620.65,1783393,2864802652.5,1735.0,1215.0,1606.38,685512,38.44,EQ
2023-11-20,1611.9,1616.55,1586.15,1593.8,1615.9,1256179,2005793591.7,1676.75,1215.0,1596.74,641718,51.08,EQ
2023-11-21,1593.8,1616.45,1593.6,1610.4,1593.8,1714833,2753666721.15,1676.75,1215.0,1605.79,764911,44.61,EQ
2023-11-22,1610.0,1626.0,1602.5,1623.9,1610.4,807316,1306973388.1,1676.75,1215.0,1618.91,396578,49.12,EQ
2023-11-23,1623.9,1636.85,1620.2,1623.95,1623.9,695592,1132395277.95,1676.75,1215.0,1627.96,235984,33.93,EQ
2023-11-24,1624.45,1628.95,1612.0,1617.25,1623.95,625345,1011964460.7,1676.75,1215.0,1618.25,214441,34.29,EQ
2023-11-28,1617.5,1657.0,1617.5,1654.4,1617.25,1564478,2569579901.45,1676.75,1215.0,1642.45,930983,59.51,EQ
2023-11-29,1660.0,1665.0,1649.0,1653.5,1654.4,746796,1236167776.75,1676.75,1215.0,1655.3,345451,46.26,EQ
2023-11-30,1653.0,1679.9,1644.55,1673.5,1653.5,1577522,2630288089.4,1679.9,1215.0,1667.35,853201,54.08,EQ
2023-12-01,1680.0,1688.7,1669.95,1685.95,1673.5,1101136,1851512723.4,1688.7,1215.0,1681.46,571563,51.91,EQ
2023-12-04,1700.0,1714.7,1685.9,1696.25,1685.95,1419178,2410773664.5,1714.7,1215.0,1698.71,697485,49.15,EQ
2023-12-05,1696.3,1713.4,1673.25,1692.7,1696.25,1778602,3011206144.0,1714.7,1215.0,1693.02,608686,34.22,EQ
2023-12-06,1701.0,1710.0,1692.9,1700.35,1692.7,737176,1255035135.25,1714.7,1215.0,1702.49,378964,51.41,EQ
2023-12-07,1700.35,1724.0,1690.0,1704.05,1700.35,941890,1609297161.5,1724.0,1215.0,1708.58,387828,41.18,EQ
2023-12-08,1705.0,1714.55,1692.5,1710.15,1704.05,1376050,2346995975.8,1724.0,1215.0,1705.6,772049,56.11,EQ
2023-12-11,1700.15,1717.0,1698.25,1702.8,1710.15,1003371,1711563416.95,1724.0,1215.0,1705.81,687378,68.51,EQ
2023-12-12,1704.8,1719.75,1700.5,1706.75,1702.8,1390539,2374901263.9,1724.0,1215.0,1707.9,660361,47.49,EQ
2023-12-13,1708.0,1709.5,1668.2,1684.55,1706.75,1168629,1964499682.5,1724.0,1215.0,1681.03,599516,51.3,EQ
2023-12-14,1700.0,1733.9,1698.0,1730.95,1684.55,2130836,3676556463.8,1733.9,1215.0,1725.41,1013973,47.59,EQ
2023-12-15,1738.95,1741.0,1718.75,1733.15,1730.95,1486079,2568348546.65,1741.0,1215.0,1728.27,831093,55.93,EQ
2023-12-18,1732.65,1738.55,1718.55,1724.6,1733.15,696124,1203499281.0,1741.0,1215.0,1728.86,351393,50.48,EQ
2023-12-19,1725.0,1726.55,1696.8,1709.75,1724.6,1214352,2074381603.1,1741.0,1215.0,1708.22,677511,55.79,EQ
2023-12-20,1715.7,1741.0,1672.0,1680.9,1709.75,1540009,2639467286.55,1741.0,1215.0,1713.93,718071,46.63,EQ
2023-12-21,1663.0,1681.8,1660.25,1666.85,1680.9,988034,1650742372.55,1741.0,1215.0,1670.73,333954,33.8,EQ
2023-12-22,1669.0,1690.0,1663.6,1672.05,1666.85,1279614,2143806927.2,1741.0,1215.0,1675.35,437882,34.22,EQ
2023-12-26,1675.0,1684.0,1637.05,1645.3,1672.05,1296291,2147686247.9,1741.0,1215.0,1656.79,542556,41.85,EQ
2023-12-27,1657.0,1674.05,1653.8,1669.45,1645.3,1181177,1966140802.45,1741.0,1215.0,1664.56,658235,55.73,EQ
2023-12-28,1674.05,1698.8,1667.2,1681.2,1669.45,1360425,2285712905.85,1741.0,1215.0,1680.15,512804,37.69,EQ
2023-12-29,1682.45,1692.7,1674.6,1685.8,1681.2,738203,1243393227.95,1741.0,1215.0,1684.35,385413,52.21,EQ
2024-01-01,1685.8,1691.7,1671.0,1676.4,1685.8,692280,1162435414.4,1741.0,1215.0,1679.14,403683,58.31,EQ
2024-01-02,1675.9,1689.85,1663.45,1686.2,1676.4,1099965,1847393963.5,1741.0,1215.0,1679.5,443175,40.29,EQ
2024-01-03,1680.0,1708.0,1676.0,1677.65,1686.2,804258,1358788967.9,1741.0,1215.0,1689.49,354860,44.12,EQ
2024-01-04,1694.35,1723.95,1690.0,1701.95,1677.65,2268009,3871811823.25,1741.0,1215.0,1707.14,1045751,46.11,EQ
2024-01-05,1702.95,1717.1,1697.65,1709.5,1701.95,835592,1427525109.45,1741.0,1215.0,1708.4,291677,34.91,EQ
